{"w3": "{\"position\": {\"y\": -0.0129835842279987, \"x\": -0.5794434287362201, \"z\": 0.09999999999999856}, \"orientation\": {\"y\": 0.0, \"x\": 0.0, \"z\": 0.9998489005073796, \"w\": -0.01738321472525}}", "w2": "{\"position\": {\"y\": -3.990739720473705, \"x\": 0.32866813798768146, \"z\": 0.09999999999999679}, \"orientation\": {\"y\": 0.0, \"x\": 0.0, \"z\": 0.9998489005073796, \"w\": -0.01738321472525}}", "w1": "{\"position\": {\"y\": -0.06850634863543414, \"x\": 1.1955731696507423, \"z\": 0.09999999999999856}, \"orientation\": {\"y\": 0.0, \"x\": 0.0, \"z\": 0.0, \"w\": 1.0}}"}