{"w3": "{\"position\": {\"y\": 0.01002861312430392, \"x\": -0.850593774245554, \"z\": 0.09999999999999856}, \"orientation\": {\"y\": 0.0, \"x\": 0.0, \"z\": 0.999490196137641, \"w\": -0.031927227013005044}}", "w2": "{\"position\": {\"y\": -3.669435488633903, \"x\": 0.24141592726667319, \"z\": 0.09999999999999856}, \"orientation\": {\"y\": 0.0, \"x\": 0.0, \"z\": 0.9998010787238439, \"w\": -0.019944998938032473}}", "w1": "{\"position\": {\"y\": -0.0033894713852504754, \"x\": 1.1840573926825186, \"z\": 0.10000000000000034}, \"orientation\": {\"y\": 0.0, \"x\": 0.0, \"z\": 0.0, \"w\": 1.0}}"}