{"w2": "{\"position\": {\"y\": 0.4136731036967789, \"x\": -0.1410030002858125, \"z\": 0.10000000000000211}, \"orientation\": {\"y\": 0.0, \"x\": 0.0, \"z\": 0.7801295857952856, \"w\": -0.6256179579958334}}", "w1": "{\"position\": {\"y\": 0.668755203653264, \"x\": 1.15928240948177, \"z\": 0.1}, \"orientation\": {\"y\": 0.0, \"x\": 0.0, \"z\": 0.0, \"w\": 1.0}}"}